<fuction>
    <function>
        <f>
            <x>-1.0</x>
            <y>-6.0</y>
            <x>7.0</x>
            <y>10.0</y>
            <x>4.0</x>
            <y>4.0</y>
            <x>-6.0</x>
            <y>-16.0</y>
            <x>3.0</x>
            <y>2.0</y>
        </f>
    </function>
    <function>
        <g>
            <x>5.0</x>
            <y>21.0</y>
            <x>-2.0</x>
            <y>0.0</y>
            <x>4</x>
            <y>12</y>
            <x>1.0</x>
            <y>-3.0</y>
            <x>3.0</x>
            <y>5.0</y>
            <x>-5.0</x>
            <y>21.0</y>
        </g>
    </function>
</fuction>