<?xml version="1.0" encoding="UTF-8"?>
<FuncData 	>
    <FuncPoints>
        <Point X="0.0" Y="1.0" />
        <Point X="1.5" Y="0.0" />
        <Point X="3.0" Y="-1.0" />
        <Point X="6.4" Y="1.0" />
        <Point X="9.3" Y="-1.0" />
        <Point X="12.5" Y="1.0" />
        <Point X="14.1" Y="0.0" />
    </FuncPoints>
    <FuncPoints>
        <Point X="0.0" Y="0.0" />
        <Point X="1.5" Y="1.0" />
        <Point X="4.7" Y="-1.0" />
        <Point X="7.8" Y="1.0" />
        <Point X="11.0" Y="-1.0" />
        <Point X="14.2" Y="1.0" />
        <Point X="13.0" Y="0.4" />
    </FuncPoints>
</FuncData>