<?xml version="1.0" encoding="UTF-8"?>
<FuncData 	>
    <FuncPoints>
        <Point X="0.0" Y="0.0" />
        <Point X="2.0" Y="8.0" />
        <Point X="4.0" Y="-2.0" />
        <Point X="6.0" Y="4.0" />
        <Point X="9.0" Y="-1.0" />
        <Point X="12.0" Y="7.0" />
        <Point X="14.0" Y="-3.0" />
    </FuncPoints>
    <FuncPoints>
        <Point X="0.0" Y="-3.0" />
        <Point X="1.5" Y="-3.0" />
        <Point X="4.7" Y="-3.0" />
        <Point X="7.8" Y="-3.0" />
        <Point X="11.0" Y="-3.0" />
        <Point X="14.2" Y="-3.0" />
        <Point X="13.0" Y="-3.0" />
    </FuncPoints>
</FuncData>