<?xml version="1.0" encoding="UTF-8"?>
<!DOCTYPE project PUBLIC "NET-Simulator/dtd/netsimulator.dtd" "http://www.net-simulator.org/dtd/1.0/netsimulator.dtd">
<project author="" description="" createDate="" currentId="152">
	<desktopShape id="0" name="PC1" description="" x="25" y="91">
		<IP4Router id="1">
			<eth id="3" name="eth0" status="1" mac="0:0:0:0:1:0" ip4="172.22.72.1" ip4bcast="172.22.72.255" ip4mask="255.255.255.0" bandwidth="0" />
			<routingTable>
				<row target="172.22.72.0" netmask="255.255.255.0" gateway="" metric="0" iface="eth0" />
			</routingTable>
		</IP4Router>
		<socketShape id="5" x="63" y="126" devId="3" />
	</desktopShape>
	<desktopShape id="6" name="PC2" description="" x="28" y="172">
		<IP4Router id="7">
			<eth id="9" name="eth0" status="1" mac="0:0:0:0:7:0" ip4="172.22.72.2" ip4bcast="172.22.72.255" ip4mask="255.255.255.0" bandwidth="0" />
			<routingTable>
				<row target="172.22.72.0" netmask="255.255.255.0" gateway="" metric="0" iface="eth0" />
			</routingTable>
		</IP4Router>
		<socketShape id="11" x="66" y="207" devId="9" />
	</desktopShape>
	<desktopShape id="12" name="PC5" description="" x="189" y="316">
		<IP4Router id="13">
			<eth id="15" name="eth0" status="1" mac="0:0:0:0:D:0" ip4="172.22.72.5" ip4bcast="172.22.72.255" ip4mask="255.255.255.0" bandwidth="0" />
			<routingTable>
				<row target="172.22.72.0" netmask="255.255.255.0" gateway="" metric="0" iface="eth0" />
			</routingTable>
		</IP4Router>
		<socketShape id="17" x="227" y="351" devId="15" />
	</desktopShape>
	<desktopShape id="36" name="PC6" description="" x="316" y="319">
		<IP4Router id="37">
			<eth id="39" name="eth0" status="1" mac="0:0:0:0:25:0" ip4="172.22.72.6" ip4bcast="172.22.72.255" ip4mask="255.255.255.0" bandwidth="0" />
			<routingTable>
				<row target="172.22.72.0" netmask="255.255.255.0" gateway="" metric="0" iface="eth0" />
			</routingTable>
		</IP4Router>
		<socketShape id="41" x="354" y="354" devId="39" />
	</desktopShape>
	<desktopShape id="42" name="PC4" description="" x="313" y="20">
		<IP4Router id="43">
			<eth id="45" name="eth0" status="1" mac="0:0:0:0:2B:0" ip4="172.22.72.4" ip4bcast="172.22.72.255" ip4mask="255.255.255.0" bandwidth="0" />
			<routingTable>
				<row target="172.22.72.0" netmask="255.255.255.0" gateway="" metric="0" iface="eth0" />
			</routingTable>
		</IP4Router>
		<socketShape id="47" x="351" y="55" devId="45" />
	</desktopShape>
	<desktopShape id="48" name="PC3" description="" x="435" y="22">
		<IP4Router id="49">
			<eth id="51" name="eth0" status="1" mac="0:0:0:0:31:0" ip4="172.22.72.3" ip4bcast="172.22.72.255" ip4mask="255.255.255.0" bandwidth="0" />
			<routingTable>
				<row target="172.22.72.0" netmask="255.255.255.0" gateway="" metric="0" iface="eth0" />
			</routingTable>
		</IP4Router>
		<socketShape id="53" x="473" y="57" devId="51" />
	</desktopShape>
	<hubShape id="54" name="H1" description="" x="131" y="140">
		<hub id="55">
			<port id="56" />
			<port id="57" />
			<port id="58" />
			<port id="59" />
			<port id="60" />
			<port id="61" />
			<port id="62" />
			<port id="63" />
		</hub>
		<socketShape id="64" x="161" y="158" devId="56" />
		<socketShape id="65" x="169" y="158" devId="57" />
		<socketShape id="66" x="177" y="158" devId="58" />
		<socketShape id="67" x="185" y="158" devId="59" />
		<socketShape id="68" x="193" y="158" devId="60" />
		<socketShape id="69" x="201" y="158" devId="61" />
		<socketShape id="70" x="209" y="158" devId="62" />
		<socketShape id="71" x="217" y="158" devId="63" />
	</hubShape>
	<switchShape id="72" name="S1" description="" x="354" y="129">
		<switch id="73">
			<port id="74" />
			<port id="75" />
			<port id="76" />
			<port id="77" />
			<port id="78" />
			<port id="79" />
			<port id="80" />
			<port id="81" />
		</switch>
		<socketShape id="82" x="384" y="147" devId="74" />
		<socketShape id="83" x="392" y="147" devId="75" />
		<socketShape id="84" x="400" y="147" devId="76" />
		<socketShape id="85" x="408" y="147" devId="77" />
		<socketShape id="86" x="416" y="147" devId="78" />
		<socketShape id="87" x="424" y="147" devId="79" />
		<socketShape id="88" x="432" y="147" devId="80" />
		<socketShape id="89" x="440" y="147" devId="81" />
	</switchShape>
	<switchShape id="90" name="S2" description="" x="287" y="232">
		<switch id="91">
			<port id="92" />
			<port id="93" />
			<port id="94" />
			<port id="95" />
			<port id="96" />
			<port id="97" />
			<port id="98" />
			<port id="99" />
		</switch>
		<socketShape id="100" x="317" y="250" devId="92" />
		<socketShape id="101" x="325" y="250" devId="93" />
		<socketShape id="102" x="333" y="250" devId="94" />
		<socketShape id="103" x="341" y="250" devId="95" />
		<socketShape id="104" x="349" y="250" devId="96" />
		<socketShape id="105" x="357" y="250" devId="97" />
		<socketShape id="106" x="365" y="250" devId="98" />
		<socketShape id="107" x="373" y="250" devId="99" />
	</switchShape>
	<patchcord id="108">
		<media id="109" pointsCount="2" />
		<plug id="110" point="1" x="63" y="126" socket="5" />
		<plug id="111" point="2" x="161" y="158" socket="64" />
	</patchcord>
	<patchcord id="112">
		<media id="113" pointsCount="2" />
		<plug id="114" point="1" x="66" y="207" socket="11" />
		<plug id="115" point="2" x="169" y="158" socket="65" />
	</patchcord>
	<patchcord id="116">
		<media id="117" pointsCount="2" />
		<plug id="118" point="1" x="177" y="158" socket="66" />
		<plug id="119" point="2" x="317" y="250" socket="100" />
	</patchcord>
	<patchcord id="120">
		<media id="121" pointsCount="2" />
		<plug id="122" point="1" x="325" y="250" socket="101" />
		<plug id="123" point="2" x="227" y="351" socket="17" />
	</patchcord>
	<patchcord id="124">
		<media id="125" pointsCount="2" />
		<plug id="126" point="1" x="333" y="250" socket="102" />
		<plug id="127" point="2" x="354" y="354" socket="41" />
	</patchcord>
	<patchcord id="128">
		<media id="129" pointsCount="2" />
		<plug id="130" point="1" x="384" y="147" socket="82" />
		<plug id="131" point="2" x="341" y="250" socket="103" />
	</patchcord>
	<patchcord id="132">
		<media id="133" pointsCount="2" />
		<plug id="134" point="1" x="351" y="55" socket="47" />
		<plug id="135" point="2" x="392" y="147" socket="83" />
	</patchcord>
	<patchcord id="136">
		<media id="137" pointsCount="2" />
		<plug id="138" point="1" x="473" y="57" socket="53" />
		<plug id="139" point="2" x="400" y="147" socket="84" />
	</patchcord>
</project>
