<?xml version="1.0" encoding="UTF-8" standalone="yes"?>
<FuncData>
    <Points>
        <Point X="-1.5" Y="-14.1"></Point>
        <Point X="-0.75" Y="-0.93"></Point>
        <Point X="0.0" Y="0.0"></Point>
        <Point X="0.75" Y="0.93"></Point>
        <Point X="1.5" Y="14.1"></Point>
    </Points>
    <Points>
        <Point X="-1.5" Y="-0.99"></Point>
        <Point X="-0.7" Y="-0.64"></Point>
        <Point X="0.0" Y="0.0"></Point>
        <Point X="0.7" Y="0.64"/>
        <Point X="1.5" Y="0.99"/>
    </Points>
</FuncData>
