<?xml version="1.0" encoding="UTF-8"?>
<!DOCTYPE hibernate-configuration PUBLIC "-//Hibernate/Hibernate Configuration DTD 3.0//EN" "http://hibernate.sourceforge.net/hibernate-configuration-3.0.dtd">

<hibernate-configuration>
  <session-factory>
   <!--<property name="hibernate.bytecode.use_reflection_optimizer">true</property> -->
    <property name="hibernate.dialect">hbn.SQLiteDialect</property>
    <property name="hibernate.connection.driver_class">org.sqlite.JDBC</property>
    <property name="hibernate.connection.url">jdbc:sqlite:e:/MyData/departmentMD.db</property> <!--Здесь была ошибка-->
    <property name="show_sql">true</property>
    <mapping class= "model.Department"/>
    <mapping class= "model.Employee"/>
  </session-factory>
</hibernate-configuration>
