<?xml version="1.0" encoding="UTF-8"?>
<project version="4">
  <component name="ChangeListManager">
    <list default="true" id="b05501a4-e137-455b-871d-86a7ef750901" name="Default" comment="" />
    <ignored path="$PROJECT_DIR$/out/" />
    <option name="EXCLUDED_CONVERTED_TO_IGNORED" value="true" />
    <option name="TRACKING_ENABLED" value="true" />
    <option name="SHOW_DIALOG" value="false" />
    <option name="HIGHLIGHT_CONFLICTS" value="true" />
    <option name="HIGHLIGHT_NON_ACTIVE_CHANGELIST" value="false" />
    <option name="LAST_RESOLUTION" value="IGNORE" />
  </component>
  <component name="ExecutionTargetManager" SELECTED_TARGET="default_target" />
  <component name="FileEditorManager">
    <leaf SIDE_TABS_SIZE_LIMIT_KEY="300">
      <file leaf-file-name="fct.java" pinned="false" current-in-tab="false">
        <entry file="file://$PROJECT_DIR$/src/ko/fct.java">
          <provider selected="true" editor-type-id="text-editor">
            <state relative-caret-position="289">
              <caret line="17" column="41" lean-forward="false" selection-start-line="17" selection-start-column="8" selection-end-line="17" selection-end-column="41" />
              <folding />
            </state>
          </provider>
        </entry>
      </file>
      <file leaf-file-name="fct2.java" pinned="false" current-in-tab="false">
        <entry file="file://$PROJECT_DIR$/src/ko/fct2.java">
          <provider selected="true" editor-type-id="text-editor">
            <state relative-caret-position="68">
              <caret line="4" column="24" lean-forward="false" selection-start-line="4" selection-start-column="24" selection-end-line="4" selection-end-column="24" />
              <folding />
            </state>
          </provider>
        </entry>
      </file>
      <file leaf-file-name="fun.java" pinned="false" current-in-tab="true">
        <entry file="file://$PROJECT_DIR$/src/ko/fun.java">
          <provider selected="true" editor-type-id="text-editor">
            <state relative-caret-position="136">
              <caret line="14" column="42" lean-forward="true" selection-start-line="14" selection-start-column="42" selection-end-line="14" selection-end-column="42" />
              <folding>
                <element signature="imports" expanded="true" />
              </folding>
            </state>
          </provider>
        </entry>
      </file>
    </leaf>
  </component>
  <component name="FileTemplateManagerImpl">
    <option name="RECENT_TEMPLATES">
      <list>
        <option value="Class" />
      </list>
    </option>
  </component>
  <component name="GradleLocalSettings">
    <option name="externalProjectsViewState">
      <projects_view />
    </option>
  </component>
  <component name="IdeDocumentHistory">
    <option name="CHANGED_PATHS">
      <list>
        <option value="$PROJECT_DIR$/src/ko/koko.java" />
        <option value="$PROJECT_DIR$/src/ko/step.java" />
        <option value="$PROJECT_DIR$/src/ko/step2.java" />
        <option value="$PROJECT_DIR$/src/ko/fct.java" />
        <option value="$PROJECT_DIR$/src/ko/fct2.java" />
        <option value="$PROJECT_DIR$/src/ko/fun.java" />
      </list>
    </option>
  </component>
  <component name="JsBuildToolGruntFileManager" detection-done="true" sorting="DEFINITION_ORDER" />
  <component name="JsBuildToolPackageJson" detection-done="true" sorting="DEFINITION_ORDER" />
  <component name="JsGulpfileManager">
    <detection-done>true</detection-done>
    <sorting>DEFINITION_ORDER</sorting>
  </component>
  <component name="ProjectFrameBounds">
    <option name="x" value="-8" />
    <option name="y" value="-8" />
    <option name="width" value="1382" />
    <option name="height" value="744" />
  </component>
  <component name="ProjectView">
    <navigator currentView="ProjectPane" proportions="" version="1">
      <flattenPackages />
      <showMembers />
      <showModules />
      <showLibraryContents />
      <hideEmptyPackages />
      <abbreviatePackageNames />
      <autoscrollToSource />
      <autoscrollFromSource />
      <sortByType />
      <manualOrder />
      <foldersAlwaysOnTop value="true" />
    </navigator>
    <panes>
      <pane id="Scope" />
      <pane id="Scratches" />
      <pane id="PackagesPane" />
      <pane id="ProjectPane">
        <subPane>
          <PATH>
            <PATH_ELEMENT>
              <option name="myItemId" value="untitled" />
              <option name="myItemType" value="com.intellij.ide.projectView.impl.nodes.ProjectViewProjectNode" />
            </PATH_ELEMENT>
            <PATH_ELEMENT>
              <option name="myItemId" value="untitled" />
              <option name="myItemType" value="com.intellij.ide.projectView.impl.nodes.PsiDirectoryNode" />
            </PATH_ELEMENT>
          </PATH>
          <PATH>
            <PATH_ELEMENT>
              <option name="myItemId" value="untitled" />
              <option name="myItemType" value="com.intellij.ide.projectView.impl.nodes.ProjectViewProjectNode" />
            </PATH_ELEMENT>
            <PATH_ELEMENT>
              <option name="myItemId" value="untitled" />
              <option name="myItemType" value="com.intellij.ide.projectView.impl.nodes.PsiDirectoryNode" />
            </PATH_ELEMENT>
            <PATH_ELEMENT>
              <option name="myItemId" value="src" />
              <option name="myItemType" value="com.intellij.ide.projectView.impl.nodes.PsiDirectoryNode" />
            </PATH_ELEMENT>
            <PATH_ELEMENT>
              <option name="myItemId" value="ko" />
              <option name="myItemType" value="com.intellij.ide.projectView.impl.nodes.PsiDirectoryNode" />
            </PATH_ELEMENT>
          </PATH>
        </subPane>
      </pane>
    </panes>
  </component>
  <component name="PropertiesComponent">
    <property name="WebServerToolWindowFactoryState" value="false" />
    <property name="aspect.path.notification.shown" value="true" />
  </component>
  <component name="RunDashboard">
    <option name="ruleStates">
      <list>
        <RuleState>
          <option name="name" value="ConfigurationTypeDashboardGroupingRule" />
        </RuleState>
        <RuleState>
          <option name="name" value="StatusDashboardGroupingRule" />
        </RuleState>
      </list>
    </option>
  </component>
  <component name="RunManager" selected="Application.fct2">
    <configuration default="false" name="fun" type="Application" factoryName="Application" temporary="true" nameIsGenerated="true">
      <extension name="coverage" enabled="false" merge="false" sample_coverage="true" runner="idea">
        <pattern>
          <option name="PATTERN" value="ko.*" />
          <option name="ENABLED" value="true" />
        </pattern>
      </extension>
      <option name="MAIN_CLASS_NAME" value="ko.fun" />
      <option name="VM_PARAMETERS" />
      <option name="PROGRAM_PARAMETERS" />
      <option name="WORKING_DIRECTORY" value="$PROJECT_DIR$" />
      <option name="ALTERNATIVE_JRE_PATH_ENABLED" value="false" />
      <option name="ALTERNATIVE_JRE_PATH" />
      <option name="ENABLE_SWING_INSPECTOR" value="false" />
      <option name="ENV_VARIABLES" />
      <option name="PASS_PARENT_ENVS" value="true" />
      <module name="untitled" />
      <envs />
      <method />
    </configuration>
    <configuration default="false" name="step" type="Application" factoryName="Application" temporary="true" nameIsGenerated="true">
      <extension name="coverage" enabled="false" merge="false" sample_coverage="true" runner="idea">
        <pattern>
          <option name="PATTERN" value="ko.*" />
          <option name="ENABLED" value="true" />
        </pattern>
      </extension>
      <option name="MAIN_CLASS_NAME" value="ko.step" />
      <option name="VM_PARAMETERS" />
      <option name="PROGRAM_PARAMETERS" />
      <option name="WORKING_DIRECTORY" value="$PROJECT_DIR$" />
      <option name="ALTERNATIVE_JRE_PATH_ENABLED" value="false" />
      <option name="ALTERNATIVE_JRE_PATH" />
      <option name="ENABLE_SWING_INSPECTOR" value="false" />
      <option name="ENV_VARIABLES" />
      <option name="PASS_PARENT_ENVS" value="true" />
      <module name="untitled" />
      <envs />
      <method />
    </configuration>
    <configuration default="false" name="step2" type="Application" factoryName="Application" temporary="true" nameIsGenerated="true">
      <extension name="coverage" enabled="false" merge="false" sample_coverage="true" runner="idea">
        <pattern>
          <option name="PATTERN" value="ko.*" />
          <option name="ENABLED" value="true" />
        </pattern>
      </extension>
      <option name="MAIN_CLASS_NAME" value="ko.step2" />
      <option name="VM_PARAMETERS" />
      <option name="PROGRAM_PARAMETERS" />
      <option name="WORKING_DIRECTORY" value="$PROJECT_DIR$" />
      <option name="ALTERNATIVE_JRE_PATH_ENABLED" value="false" />
      <option name="ALTERNATIVE_JRE_PATH" />
      <option name="ENABLE_SWING_INSPECTOR" value="false" />
      <option name="ENV_VARIABLES" />
      <option name="PASS_PARENT_ENVS" value="true" />
      <module name="untitled" />
      <envs />
      <method />
    </configuration>
    <configuration default="false" name="fct" type="Application" factoryName="Application" temporary="true" nameIsGenerated="true">
      <extension name="coverage" enabled="false" merge="false" sample_coverage="true" runner="idea">
        <pattern>
          <option name="PATTERN" value="ko.*" />
          <option name="ENABLED" value="true" />
        </pattern>
      </extension>
      <option name="MAIN_CLASS_NAME" value="ko.fct" />
      <option name="VM_PARAMETERS" />
      <option name="PROGRAM_PARAMETERS" />
      <option name="WORKING_DIRECTORY" value="$PROJECT_DIR$" />
      <option name="ALTERNATIVE_JRE_PATH_ENABLED" value="false" />
      <option name="ALTERNATIVE_JRE_PATH" />
      <option name="ENABLE_SWING_INSPECTOR" value="false" />
      <option name="ENV_VARIABLES" />
      <option name="PASS_PARENT_ENVS" value="true" />
      <module name="untitled" />
      <envs />
      <method />
    </configuration>
    <configuration default="false" name="fct2" type="Application" factoryName="Application" temporary="true" nameIsGenerated="true">
      <extension name="coverage" enabled="false" merge="false" sample_coverage="true" runner="idea">
        <pattern>
          <option name="PATTERN" value="ko.*" />
          <option name="ENABLED" value="true" />
        </pattern>
      </extension>
      <option name="MAIN_CLASS_NAME" value="ko.fct2" />
      <option name="VM_PARAMETERS" />
      <option name="PROGRAM_PARAMETERS" />
      <option name="WORKING_DIRECTORY" value="$PROJECT_DIR$" />
      <option name="ALTERNATIVE_JRE_PATH_ENABLED" value="false" />
      <option name="ALTERNATIVE_JRE_PATH" />
      <option name="ENABLE_SWING_INSPECTOR" value="false" />
      <option name="ENV_VARIABLES" />
      <option name="PASS_PARENT_ENVS" value="true" />
      <module name="untitled" />
      <envs />
      <method />
    </configuration>
    <configuration default="true" type="#org.jetbrains.idea.devkit.run.PluginConfigurationType" factoryName="Plugin">
      <module name="" />
      <option name="VM_PARAMETERS" value="-Xmx512m -Xms256m -XX:MaxPermSize=250m -ea" />
      <option name="PROGRAM_PARAMETERS" />
      <predefined_log_file id="idea.log" enabled="true" />
      <method />
    </configuration>
    <configuration default="true" type="AndroidRunConfigurationType" factoryName="Android App">
      <module name="" />
      <option name="DEPLOY" value="true" />
      <option name="ARTIFACT_NAME" value="" />
      <option name="PM_INSTALL_OPTIONS" value="" />
      <option name="ACTIVITY_EXTRA_FLAGS" value="" />
      <option name="MODE" value="default_activity" />
      <option name="TARGET_SELECTION_MODE" value="SHOW_DIALOG" />
      <option name="PREFERRED_AVD" value="" />
      <option name="CLEAR_LOGCAT" value="false" />
      <option name="SHOW_LOGCAT_AUTOMATICALLY" value="false" />
      <option name="SKIP_NOOP_APK_INSTALLATIONS" value="true" />
      <option name="FORCE_STOP_RUNNING_APP" value="true" />
      <option name="DEBUGGER_TYPE" value="Java" />
      <option name="USE_LAST_SELECTED_DEVICE" value="false" />
      <option name="PREFERRED_AVD" value="" />
      <Java />
      <Profilers>
        <option name="ENABLE_ADVANCED_PROFILING" value="true" />
        <option name="GAPID_ENABLED" value="false" />
        <option name="GAPID_DISABLE_PCS" value="false" />
        <option name="SUPPORT_LIB_ENABLED" value="true" />
        <option name="INSTRUMENTATION_ENABLED" value="true" />
      </Profilers>
      <option name="DEEP_LINK" value="" />
      <option name="ACTIVITY_CLASS" value="" />
      <method />
    </configuration>
    <configuration default="true" type="AndroidTestRunConfigurationType" factoryName="Android Tests">
      <module name="" />
      <option name="TESTING_TYPE" value="0" />
      <option name="INSTRUMENTATION_RUNNER_CLASS" value="" />
      <option name="METHOD_NAME" value="" />
      <option name="CLASS_NAME" value="" />
      <option name="PACKAGE_NAME" value="" />
      <option name="EXTRA_OPTIONS" value="" />
      <option name="TARGET_SELECTION_MODE" value="SHOW_DIALOG" />
      <option name="PREFERRED_AVD" value="" />
      <option name="CLEAR_LOGCAT" value="false" />
      <option name="SHOW_LOGCAT_AUTOMATICALLY" value="false" />
      <option name="SKIP_NOOP_APK_INSTALLATIONS" value="true" />
      <option name="FORCE_STOP_RUNNING_APP" value="true" />
      <option name="DEBUGGER_TYPE" value="Java" />
      <option name="USE_LAST_SELECTED_DEVICE" value="false" />
      <option name="PREFERRED_AVD" value="" />
      <Java />
      <Profilers>
        <option name="ENABLE_ADVANCED_PROFILING" value="true" />
        <option name="GAPID_ENABLED" value="false" />
        <option name="GAPID_DISABLE_PCS" value="false" />
        <option name="SUPPORT_LIB_ENABLED" value="true" />
        <option name="INSTRUMENTATION_ENABLED" value="true" />
      </Profilers>
      <method />
    </configuration>
    <configuration default="true" type="Applet" factoryName="Applet">
      <option name="HTML_USED" value="false" />
      <option name="WIDTH" value="400" />
      <option name="HEIGHT" value="300" />
      <option name="POLICY_FILE" value="$APPLICATION_HOME_DIR$/bin/appletviewer.policy" />
      <module />
      <method />
    </configuration>
    <configuration default="true" type="Application" factoryName="Application">
      <extension name="coverage" enabled="false" merge="false" sample_coverage="true" runner="idea" />
      <option name="MAIN_CLASS_NAME" />
      <option name="VM_PARAMETERS" />
      <option name="PROGRAM_PARAMETERS" />
      <option name="WORKING_DIRECTORY" value="$PROJECT_DIR$" />
      <option name="ALTERNATIVE_JRE_PATH_ENABLED" value="false" />
      <option name="ALTERNATIVE_JRE_PATH" />
      <option name="ENABLE_SWING_INSPECTOR" value="false" />
      <option name="ENV_VARIABLES" />
      <option name="PASS_PARENT_ENVS" value="true" />
      <module name="" />
      <envs />
      <method />
    </configuration>
    <configuration default="true" type="ArquillianJUnit" factoryName="" nameIsGenerated="true">
      <extension name="coverage" enabled="false" merge="false" sample_coverage="true" runner="idea" />
      <module name="" />
      <option name="arquillianRunConfiguration">
        <value>
          <option name="containerStateName" value="" />
        </value>
      </option>
      <option name="ALTERNATIVE_JRE_PATH_ENABLED" value="false" />
      <option name="ALTERNATIVE_JRE_PATH" />
      <option name="PACKAGE_NAME" />
      <option name="MAIN_CLASS_NAME" />
      <option name="METHOD_NAME" />
      <option name="TEST_OBJECT" value="class" />
      <option name="VM_PARAMETERS" />
      <option name="PARAMETERS" />
      <option name="WORKING_DIRECTORY" />
      <option name="ENV_VARIABLES" />
      <option name="PASS_PARENT_ENVS" value="true" />
      <option name="TEST_SEARCH_SCOPE">
        <value defaultName="singleModule" />
      </option>
      <envs />
      <patterns />
      <method />
    </configuration>
    <configuration default="true" type="ArquillianTestNG" factoryName="">
      <extension name="coverage" enabled="false" merge="false" sample_coverage="true" runner="idea" />
      <module name="" />
      <option name="arquillianRunConfiguration">
        <value>
          <option name="containerStateName" value="" />
        </value>
      </option>
      <option name="ALTERNATIVE_JRE_PATH_ENABLED" value="false" />
      <option name="ALTERNATIVE_JRE_PATH" />
      <option name="SUITE_NAME" />
      <option name="PACKAGE_NAME" />
      <option name="MAIN_CLASS_NAME" />
      <option name="METHOD_NAME" />
      <option name="GROUP_NAME" />
      <option name="TEST_OBJECT" value="CLASS" />
      <option name="VM_PARAMETERS" />
      <option name="PARAMETERS" />
      <option name="WORKING_DIRECTORY" />
      <option name="OUTPUT_DIRECTORY" />
      <option name="ANNOTATION_TYPE" />
      <option name="ENV_VARIABLES" />
      <option name="PASS_PARENT_ENVS" value="true" />
      <option name="TEST_SEARCH_SCOPE">
        <value defaultName="singleModule" />
      </option>
      <option name="USE_DEFAULT_REPORTERS" value="false" />
      <option name="PROPERTIES_FILE" />
      <envs />
      <properties />
      <listeners />
      <method />
    </configuration>
    <configuration default="true" type="Cold Fusion runner description" factoryName="Cold Fusion" custom_browser="" web_path="">
      <method />
    </configuration>
    <configuration default="true" type="CucumberJavaRunConfigurationType" factoryName="Cucumber java">
      <extension name="coverage" enabled="false" merge="false" sample_coverage="true" runner="idea" />
      <option name="myFilePath" />
      <option name="GLUE" />
      <option name="myNameFilter" />
      <option name="myGeneratedName" />
      <option name="MAIN_CLASS_NAME" />
      <option name="VM_PARAMETERS" />
      <option name="PROGRAM_PARAMETERS" />
      <option name="WORKING_DIRECTORY" />
      <option name="ALTERNATIVE_JRE_PATH_ENABLED" value="false" />
      <option name="ALTERNATIVE_JRE_PATH" />
      <option name="ENABLE_SWING_INSPECTOR" value="false" />
      <option name="ENV_VARIABLES" />
      <option name="PASS_PARENT_ENVS" value="true" />
      <module name="" />
      <envs />
      <method />
    </configuration>
    <configuration default="true" type="FlashRunConfigurationType" factoryName="Flash App">
      <option name="BCName" value="" />
      <option name="IOSSimulatorSdkPath" value="" />
      <option name="adlOptions" value="" />
      <option name="airProgramParameters" value="" />
      <option name="appDescriptorForEmulator" value="Android" />
      <option name="debugTransport" value="USB" />
      <option name="debuggerSdkRaw" value="BC SDK" />
      <option name="emulator" value="NexusOne" />
      <option name="emulatorAdlOptions" value="" />
      <option name="fastPackaging" value="true" />
      <option name="fullScreenHeight" value="0" />
      <option name="fullScreenWidth" value="0" />
      <option name="launchUrl" value="false" />
      <option name="launcherParameters">
        <LauncherParameters>
          <option name="browser" value="a7bb68e0-33c0-4d6f-a81a-aac1fdb870c8" />
          <option name="launcherType" value="OSDefault" />
          <option name="newPlayerInstance" value="false" />
          <option name="playerPath" value="FlashPlayerDebugger.exe" />
        </LauncherParameters>
      </option>
      <option name="mobileRunTarget" value="Emulator" />
      <option name="moduleName" value="" />
      <option name="overriddenMainClass" value="" />
      <option name="overriddenOutputFileName" value="" />
      <option name="overrideMainClass" value="false" />
      <option name="runTrusted" value="true" />
      <option name="screenDpi" value="0" />
      <option name="screenHeight" value="0" />
      <option name="screenWidth" value="0" />
      <option name="url" value="http://" />
      <option name="usbDebugPort" value="7936" />
      <method />
    </configuration>
    <configuration default="true" type="FlexUnitRunConfigurationType" factoryName="FlexUnit" appDescriptorForEmulator="Android" class_name="" emulatorAdlOptions="" method_name="" package_name="" scope="Class">
      <option name="BCName" value="" />
      <option name="launcherParameters">
        <LauncherParameters>
          <option name="browser" value="a7bb68e0-33c0-4d6f-a81a-aac1fdb870c8" />
          <option name="launcherType" value="OSDefault" />
          <option name="newPlayerInstance" value="false" />
          <option name="playerPath" value="FlashPlayerDebugger.exe" />
        </LauncherParameters>
      </option>
      <option name="moduleName" value="" />
      <option name="trusted" value="true" />
      <method />
    </configuration>
    <configuration default="true" type="GradleRunConfiguration" factoryName="Gradle">
      <ExternalSystemSettings>
        <option name="executionName" />
        <option name="externalProjectPath" />
        <option name="externalSystemIdString" value="GRADLE" />
        <option name="scriptParameters" />
        <option name="taskDescriptions">
          <list />
        </option>
        <option name="taskNames">
          <list />
        </option>
        <option name="vmOptions" />
      </ExternalSystemSettings>
      <method />
    </configuration>
    <configuration default="true" type="GrailsRunConfigurationType" factoryName="Grails">
      <setting name="vmparams" value="" />
      <setting name="cmdLine" value="run-app" />
      <setting name="passParentEnv" value="true" />
      <setting name="launchBrowser" value="true" />
      <setting name="launchBrowserUrl" value="" />
      <setting name="depsClasspath" value="false" />
      <method />
    </configuration>
    <configuration default="true" type="JUnit" factoryName="JUnit">
      <extension name="coverage" enabled="false" merge="false" sample_coverage="true" runner="idea" />
      <module name="" />
      <option name="ALTERNATIVE_JRE_PATH_ENABLED" value="false" />
      <option name="ALTERNATIVE_JRE_PATH" />
      <option name="PACKAGE_NAME" />
      <option name="MAIN_CLASS_NAME" />
      <option name="METHOD_NAME" />
      <option name="TEST_OBJECT" value="class" />
      <option name="VM_PARAMETERS" value="-ea" />
      <option name="PARAMETERS" />
      <option name="WORKING_DIRECTORY" value="$MODULE_DIR$" />
      <option name="ENV_VARIABLES" />
      <option name="PASS_PARENT_ENVS" value="true" />
      <option name="TEST_SEARCH_SCOPE">
        <value defaultName="singleModule" />
      </option>
      <envs />
      <patterns />
      <method />
    </configuration>
    <configuration default="true" type="JarApplication" factoryName="JAR Application">
      <extension name="coverage" enabled="false" merge="false" sample_coverage="true" runner="idea" />
      <envs />
      <method />
    </configuration>
    <configuration default="true" type="Java Scratch" factoryName="Java Scratch">
      <extension name="coverage" enabled="false" merge="false" sample_coverage="true" runner="idea" />
      <option name="SCRATCH_FILE_ID" value="0" />
      <option name="MAIN_CLASS_NAME" />
      <option name="VM_PARAMETERS" />
      <option name="PROGRAM_PARAMETERS" />
      <option name="WORKING_DIRECTORY" />
      <option name="ALTERNATIVE_JRE_PATH_ENABLED" value="false" />
      <option name="ALTERNATIVE_JRE_PATH" />
      <option name="ENABLE_SWING_INSPECTOR" value="false" />
      <option name="ENV_VARIABLES" />
      <option name="PASS_PARENT_ENVS" value="true" />
      <module name="" />
      <envs />
      <method />
    </configuration>
    <configuration default="true" type="JavaScriptTestRunnerJest" factoryName="Jest">
      <node-interpreter value="project" />
      <working-dir value="" />
      <envs />
      <scope-kind value="ALL" />
      <method />
    </configuration>
    <configuration default="true" type="JavaScriptTestRunnerProtractor" factoryName="Protractor">
      <config-file value="" />
      <node-interpreter value="project" />
      <envs />
      <method />
    </configuration>
    <configuration default="true" type="JavascriptDebugType" factoryName="JavaScript Debug">
      <method />
    </configuration>
    <configuration default="true" type="JetRunConfigurationType" factoryName="Kotlin">
      <extension name="coverage" enabled="false" merge="false" sample_coverage="true" runner="idea" />
      <option name="MAIN_CLASS_NAME" />
      <option name="VM_PARAMETERS" />
      <option name="PROGRAM_PARAMETERS" />
      <option name="WORKING_DIRECTORY" />
      <option name="ALTERNATIVE_JRE_PATH_ENABLED" value="false" />
      <option name="ALTERNATIVE_JRE_PATH" />
      <option name="PASS_PARENT_ENVS" value="true" />
      <module name="untitled" />
      <envs />
      <method />
    </configuration>
    <configuration default="true" type="KotlinStandaloneScriptRunConfigurationType" factoryName="Kotlin script">
      <extension name="coverage" enabled="false" merge="false" sample_coverage="true" runner="idea" />
      <option name="filePath" />
      <option name="vmParameters" />
      <option name="alternativeJrePath" />
      <option name="programParameters" />
      <option name="passParentEnvs" value="true" />
      <option name="workingDirectory" />
      <option name="isAlternativeJrePathEnabled" value="false" />
      <envs />
      <method />
    </configuration>
    <configuration default="true" type="Remote" factoryName="Remote">
      <option name="USE_SOCKET_TRANSPORT" value="true" />
      <option name="SERVER_MODE" value="false" />
      <option name="SHMEM_ADDRESS" value="javadebug" />
      <option name="HOST" value="localhost" />
      <option name="PORT" value="5005" />
      <method />
    </configuration>
    <configuration default="true" type="SpringBootApplicationConfigurationType" factoryName="Spring Boot">
      <extension name="coverage" enabled="false" merge="false" sample_coverage="true" runner="idea" />
      <module name="" />
      <envs />
      <method />
    </configuration>
    <configuration default="true" type="TestNG" factoryName="TestNG">
      <extension name="coverage" enabled="false" merge="false" sample_coverage="true" runner="idea" />
      <module name="" />
      <option name="ALTERNATIVE_JRE_PATH_ENABLED" value="false" />
      <option name="ALTERNATIVE_JRE_PATH" />
      <option name="SUITE_NAME" />
      <option name="PACKAGE_NAME" />
      <option name="MAIN_CLASS_NAME" />
      <option name="METHOD_NAME" />
      <option name="GROUP_NAME" />
      <option name="TEST_OBJECT" value="CLASS" />
      <option name="VM_PARAMETERS" value="-ea" />
      <option name="PARAMETERS" />
      <option name="WORKING_DIRECTORY" value="$MODULE_DIR$" />
      <option name="OUTPUT_DIRECTORY" />
      <option name="ANNOTATION_TYPE" />
      <option name="ENV_VARIABLES" />
      <option name="PASS_PARENT_ENVS" value="true" />
      <option name="TEST_SEARCH_SCOPE">
        <value defaultName="singleModule" />
      </option>
      <option name="USE_DEFAULT_REPORTERS" value="false" />
      <option name="PROPERTIES_FILE" />
      <envs />
      <properties />
      <listeners />
      <method />
    </configuration>
    <configuration default="true" type="js.build_tools.gulp" factoryName="Gulp.js">
      <node-interpreter>project</node-interpreter>
      <node-options />
      <gulpfile />
      <tasks />
      <arguments />
      <envs />
      <method />
    </configuration>
    <configuration default="true" type="js.build_tools.npm" factoryName="npm">
      <command value="run" />
      <scripts />
      <node-interpreter value="project" />
      <envs />
      <method />
    </configuration>
    <configuration default="true" type="osgi.bnd.run" factoryName="Run Launcher">
      <method />
    </configuration>
    <configuration default="true" type="osgi.bnd.run" factoryName="Test Launcher (JUnit)">
      <method />
    </configuration>
    <configuration default="false" name="Unnamed" type="CucumberJavaRunConfigurationType" factoryName="Cucumber java">
      <extension name="coverage" enabled="false" merge="false" sample_coverage="true" runner="idea" />
      <option name="myFilePath" value="" />
      <option name="GLUE" value="" />
      <option name="myNameFilter" />
      <option name="myGeneratedName" />
      <option name="MAIN_CLASS_NAME" value="ko.fun" />
      <option name="VM_PARAMETERS" value="" />
      <option name="PROGRAM_PARAMETERS" value="" />
      <option name="WORKING_DIRECTORY" value="" />
      <option name="ALTERNATIVE_JRE_PATH_ENABLED" value="false" />
      <option name="ALTERNATIVE_JRE_PATH" />
      <option name="ENABLE_SWING_INSPECTOR" value="false" />
      <option name="ENV_VARIABLES" />
      <option name="PASS_PARENT_ENVS" value="true" />
      <module name="untitled" />
      <envs />
      <method />
    </configuration>
    <list size="6">
      <item index="0" class="java.lang.String" itemvalue="Cucumber java.Unnamed" />
      <item index="1" class="java.lang.String" itemvalue="Application.fun" />
      <item index="2" class="java.lang.String" itemvalue="Application.step" />
      <item index="3" class="java.lang.String" itemvalue="Application.step2" />
      <item index="4" class="java.lang.String" itemvalue="Application.fct" />
      <item index="5" class="java.lang.String" itemvalue="Application.fct2" />
    </list>
    <recent_temporary>
      <list size="5">
        <item index="0" class="java.lang.String" itemvalue="Application.fct2" />
        <item index="1" class="java.lang.String" itemvalue="Application.fct" />
        <item index="2" class="java.lang.String" itemvalue="Application.step2" />
        <item index="3" class="java.lang.String" itemvalue="Application.step" />
        <item index="4" class="java.lang.String" itemvalue="Application.fun" />
      </list>
    </recent_temporary>
  </component>
  <component name="ShelveChangesManager" show_recycled="false">
    <option name="remove_strategy" value="false" />
  </component>
  <component name="TaskManager">
    <task active="true" id="Default" summary="Default task">
      <changelist id="b05501a4-e137-455b-871d-86a7ef750901" name="Default" comment="" />
      <created>1492249398084</created>
      <option name="number" value="Default" />
      <option name="presentableId" value="Default" />
      <updated>1492249398084</updated>
      <workItem from="1492249425358" duration="781000" />
      <workItem from="1492348453807" duration="8328000" />
      <workItem from="1493281965620" duration="254000" />
      <workItem from="1493286415643" duration="80000" />
    </task>
    <servers />
  </component>
  <component name="TimeTrackingManager">
    <option name="totallyTimeSpent" value="9443000" />
  </component>
  <component name="TodoView">
    <todo-panel id="selected-file">
      <is-autoscroll-to-source value="true" />
    </todo-panel>
    <todo-panel id="all">
      <are-packages-shown value="true" />
      <is-autoscroll-to-source value="true" />
    </todo-panel>
  </component>
  <component name="ToolWindowManager">
    <frame x="-8" y="-8" width="1382" height="744" extended-state="6" />
    <layout>
      <window_info id="Palette" active="false" anchor="right" auto_hide="false" internal_type="DOCKED" type="DOCKED" visible="false" show_stripe_button="true" weight="0.33" sideWeight="0.5" order="3" side_tool="false" content_ui="tabs" />
      <window_info id="TODO" active="false" anchor="bottom" auto_hide="false" internal_type="DOCKED" type="DOCKED" visible="false" show_stripe_button="true" weight="0.32972974" sideWeight="0.5" order="6" side_tool="false" content_ui="tabs" />
      <window_info id="Nl-Palette" active="false" anchor="left" auto_hide="false" internal_type="DOCKED" type="DOCKED" visible="false" show_stripe_button="true" weight="0.33" sideWeight="0.5" order="2" side_tool="false" content_ui="tabs" />
      <window_info id="Palette&#9;" active="false" anchor="right" auto_hide="false" internal_type="DOCKED" type="DOCKED" visible="false" show_stripe_button="true" weight="0.33" sideWeight="0.5" order="3" side_tool="false" content_ui="tabs" />
      <window_info id="Image Layers" active="false" anchor="left" auto_hide="false" internal_type="DOCKED" type="DOCKED" visible="false" show_stripe_button="true" weight="0.33" sideWeight="0.5" order="2" side_tool="false" content_ui="tabs" />
      <window_info id="Capture Analysis" active="false" anchor="right" auto_hide="false" internal_type="DOCKED" type="DOCKED" visible="false" show_stripe_button="true" weight="0.33" sideWeight="0.5" order="3" side_tool="false" content_ui="tabs" />
      <window_info id="Event Log" active="false" anchor="bottom" auto_hide="false" internal_type="DOCKED" type="DOCKED" visible="false" show_stripe_button="true" weight="0.33" sideWeight="0.5" order="7" side_tool="true" content_ui="tabs" />
      <window_info id="Maven Projects" active="false" anchor="right" auto_hide="false" internal_type="DOCKED" type="DOCKED" visible="false" show_stripe_button="true" weight="0.33" sideWeight="0.5" order="3" side_tool="false" content_ui="tabs" />
      <window_info id="Version Control" active="false" anchor="bottom" auto_hide="false" internal_type="DOCKED" type="DOCKED" visible="false" show_stripe_button="false" weight="0.33" sideWeight="0.5" order="7" side_tool="false" content_ui="tabs" />
      <window_info id="Run" active="false" anchor="bottom" auto_hide="false" internal_type="DOCKED" type="DOCKED" visible="false" show_stripe_button="true" weight="0.32972974" sideWeight="0.5" order="2" side_tool="false" content_ui="tabs" />
      <window_info id="Properties" active="false" anchor="right" auto_hide="false" internal_type="DOCKED" type="DOCKED" visible="false" show_stripe_button="true" weight="0.33" sideWeight="0.5" order="3" side_tool="false" content_ui="tabs" />
      <window_info id="Terminal" active="false" anchor="bottom" auto_hide="false" internal_type="DOCKED" type="DOCKED" visible="false" show_stripe_button="true" weight="0.32972974" sideWeight="0.5" order="7" side_tool="false" content_ui="tabs" />
      <window_info id="Capture Tool" active="false" anchor="left" auto_hide="false" internal_type="DOCKED" type="DOCKED" visible="false" show_stripe_button="true" weight="0.33" sideWeight="0.5" order="2" side_tool="false" content_ui="tabs" />
      <window_info id="Designer" active="false" anchor="left" auto_hide="false" internal_type="DOCKED" type="DOCKED" visible="false" show_stripe_button="true" weight="0.33" sideWeight="0.5" order="2" side_tool="false" content_ui="tabs" />
      <window_info id="Project" active="true" anchor="left" auto_hide="false" internal_type="DOCKED" type="DOCKED" visible="true" show_stripe_button="true" weight="0.2655068" sideWeight="0.5" order="0" side_tool="false" content_ui="combo" />
      <window_info id="Database" active="false" anchor="right" auto_hide="false" internal_type="DOCKED" type="DOCKED" visible="false" show_stripe_button="true" weight="0.33" sideWeight="0.5" order="3" side_tool="false" content_ui="tabs" />
      <window_info id="Structure" active="false" anchor="left" auto_hide="false" internal_type="DOCKED" type="DOCKED" visible="false" show_stripe_button="true" weight="0.25" sideWeight="0.5" order="1" side_tool="false" content_ui="tabs" />
      <window_info id="Ant Build" active="false" anchor="right" auto_hide="false" internal_type="DOCKED" type="DOCKED" visible="false" show_stripe_button="true" weight="0.25" sideWeight="0.5" order="1" side_tool="false" content_ui="tabs" />
      <window_info id="UI Designer" active="false" anchor="left" auto_hide="false" internal_type="DOCKED" type="DOCKED" visible="false" show_stripe_button="true" weight="0.33" sideWeight="0.5" order="2" side_tool="false" content_ui="tabs" />
      <window_info id="Theme Preview" active="false" anchor="right" auto_hide="false" internal_type="DOCKED" type="DOCKED" visible="false" show_stripe_button="true" weight="0.33" sideWeight="0.5" order="3" side_tool="false" content_ui="tabs" />
      <window_info id="Favorites" active="false" anchor="left" auto_hide="false" internal_type="DOCKED" type="DOCKED" visible="false" show_stripe_button="true" weight="0.33" sideWeight="0.5" order="2" side_tool="true" content_ui="tabs" />
      <window_info id="Debug" active="false" anchor="bottom" auto_hide="false" internal_type="DOCKED" type="DOCKED" visible="false" show_stripe_button="true" weight="0.4" sideWeight="0.5" order="3" side_tool="false" content_ui="tabs" />
      <window_info id="Cvs" active="false" anchor="bottom" auto_hide="false" internal_type="DOCKED" type="DOCKED" visible="false" show_stripe_button="true" weight="0.25" sideWeight="0.5" order="4" side_tool="false" content_ui="tabs" />
      <window_info id="Message" active="false" anchor="bottom" auto_hide="false" internal_type="DOCKED" type="DOCKED" visible="false" show_stripe_button="true" weight="0.33" sideWeight="0.5" order="0" side_tool="false" content_ui="tabs" />
      <window_info id="Commander" active="false" anchor="right" auto_hide="false" internal_type="DOCKED" type="DOCKED" visible="false" show_stripe_button="true" weight="0.4" sideWeight="0.5" order="0" side_tool="false" content_ui="tabs" />
      <window_info id="Hierarchy" active="false" anchor="right" auto_hide="false" internal_type="DOCKED" type="DOCKED" visible="false" show_stripe_button="true" weight="0.25" sideWeight="0.5" order="2" side_tool="false" content_ui="combo" />
      <window_info id="Messages" active="false" anchor="bottom" auto_hide="false" internal_type="DOCKED" type="DOCKED" visible="false" show_stripe_button="true" weight="0.32972974" sideWeight="0.5" order="7" side_tool="false" content_ui="tabs" />
      <window_info id="Inspection" active="false" anchor="bottom" auto_hide="false" internal_type="DOCKED" type="DOCKED" visible="false" show_stripe_button="true" weight="0.4" sideWeight="0.5" order="5" side_tool="false" content_ui="tabs" />
      <window_info id="Find" active="false" anchor="bottom" auto_hide="false" internal_type="DOCKED" type="DOCKED" visible="false" show_stripe_button="true" weight="0.33" sideWeight="0.5" order="1" side_tool="false" content_ui="tabs" />
    </layout>
  </component>
  <component name="TypeScriptGeneratedFilesManager">
    <option name="processedProjectFiles" value="true" />
  </component>
  <component name="VcsContentAnnotationSettings">
    <option name="myLimit" value="2678400000" />
  </component>
  <component name="XDebuggerManager">
    <breakpoint-manager />
    <watches-manager />
  </component>
  <component name="antWorkspaceConfiguration">
    <option name="IS_AUTOSCROLL_TO_SOURCE" value="false" />
    <option name="FILTER_TARGETS" value="false" />
  </component>
  <component name="editorHistoryManager">
    <entry file="file://$PROJECT_DIR$/src/ko/fct.java">
      <provider selected="true" editor-type-id="text-editor">
        <state relative-caret-position="289">
          <caret line="17" column="41" lean-forward="false" selection-start-line="17" selection-start-column="8" selection-end-line="17" selection-end-column="41" />
          <folding />
        </state>
      </provider>
    </entry>
    <entry file="file://$PROJECT_DIR$/src/ko/fct2.java">
      <provider selected="true" editor-type-id="text-editor">
        <state relative-caret-position="68">
          <caret line="4" column="24" lean-forward="false" selection-start-line="4" selection-start-column="24" selection-end-line="4" selection-end-column="24" />
          <folding />
        </state>
      </provider>
    </entry>
    <entry file="file://$PROJECT_DIR$/src/ko/fun.java">
      <provider selected="true" editor-type-id="text-editor">
        <state relative-caret-position="238">
          <caret line="15" column="19" lean-forward="false" selection-start-line="15" selection-start-column="19" selection-end-line="15" selection-end-column="19" />
          <folding>
            <element signature="imports" expanded="true" />
          </folding>
        </state>
      </provider>
    </entry>
    <entry file="file://$PROJECT_DIR$/src/ko/fct.java">
      <provider selected="true" editor-type-id="text-editor">
        <state relative-caret-position="289">
          <caret line="17" column="41" lean-forward="true" selection-start-line="17" selection-start-column="8" selection-end-line="17" selection-end-column="41" />
          <folding />
        </state>
      </provider>
    </entry>
    <entry file="file://$PROJECT_DIR$/src/ko/fct2.java">
      <provider selected="true" editor-type-id="text-editor">
        <state relative-caret-position="289">
          <caret line="17" column="49" lean-forward="true" selection-start-line="17" selection-start-column="49" selection-end-line="17" selection-end-column="49" />
          <folding />
        </state>
      </provider>
    </entry>
    <entry file="file://$PROJECT_DIR$/src/bla.java" />
    <entry file="file://$PROJECT_DIR$/src/bla.java" />
    <entry file="file://$PROJECT_DIR$/src/hg.java" />
    <entry file="file://$PROJECT_DIR$/src/package-info.java" />
    <entry file="file://$PROJECT_DIR$/src/ko/step.java">
      <provider selected="true" editor-type-id="text-editor">
        <state relative-caret-position="119">
          <caret line="13" column="23" lean-forward="false" selection-start-line="13" selection-start-column="23" selection-end-line="13" selection-end-column="23" />
          <folding>
            <element signature="e#105#134#0" expanded="true" />
          </folding>
        </state>
      </provider>
    </entry>
    <entry file="file://$PROJECT_DIR$/src/ko/step2.java">
      <provider selected="true" editor-type-id="text-editor">
        <state relative-caret-position="80">
          <caret line="19" column="60" lean-forward="true" selection-start-line="19" selection-start-column="60" selection-end-line="19" selection-end-column="60" />
          <folding>
            <element signature="e#106#135#0" expanded="true" />
          </folding>
        </state>
      </provider>
    </entry>
    <entry file="file://$PROJECT_DIR$/src/ko/fct2.java">
      <provider selected="true" editor-type-id="text-editor">
        <state relative-caret-position="68">
          <caret line="4" column="24" lean-forward="false" selection-start-line="4" selection-start-column="24" selection-end-line="4" selection-end-column="24" />
          <folding />
        </state>
      </provider>
    </entry>
    <entry file="file://$PROJECT_DIR$/src/ko/fct.java">
      <provider selected="true" editor-type-id="text-editor">
        <state relative-caret-position="289">
          <caret line="17" column="41" lean-forward="false" selection-start-line="17" selection-start-column="8" selection-end-line="17" selection-end-column="41" />
          <folding />
        </state>
      </provider>
    </entry>
    <entry file="file://$PROJECT_DIR$/src/ko/fun.java">
      <provider selected="true" editor-type-id="text-editor">
        <state relative-caret-position="136">
          <caret line="14" column="42" lean-forward="true" selection-start-line="14" selection-start-column="42" selection-end-line="14" selection-end-column="42" />
          <folding>
            <element signature="imports" expanded="true" />
          </folding>
        </state>
      </provider>
    </entry>
  </component>
</project>