<?xml version="1.0" encoding="UTF-8" standalone="yes"?>
<TramStations>
    <TramStation>
        <numberList>22</numberList>
        <name>Kiev</name>
        <times>
            <time>22:00</time>
            <passengers>3</passengers>
            <comment>Sunny day.</comment>
        </times>
        <times>
            <time>21:21</time>
            <passengers>2</passengers>
            <comment>The train will be later</comment>
        </times>
    </TramStation>
    <TramStation>
        <numberList>44</numberList>
        <name>Poltava</name>
        <times>
            <time>12:00</time>
            <passengers>55</passengers>
            <comment>So many passengers today.</comment>
        </times>
        <times>
            <time>02:21</time>
            <passengers>12</passengers>
            <comment>The tram is not empty.</comment>
        </times>
    </TramStation>
    <TramStation>
        <numberList>42</numberList>
        <name>Kharkov</name>
        <times>
            <time>01:00</time>
            <passengers>22</passengers>
            <comment>Faster, the train leaves!</comment>
        </times>
        <times>
            <time>01:00</time>
            <passengers>3</passengers>
            <comment>It is fast-tram.</comment>
        </times>
    </TramStation>
</TramStations>
