<?xml version="1.0" encoding="UTF-8"?>
<java version="1.8.0_141" class="java.beans.XMLDecoder">
 <object class="seclab.third_ex.Group" id="Group0">
  <void class="seclab.third_ex.Group" method="getField">
   <string>students</string>
   <void method="set">
    <object idref="Group0"/>
    <array class="seclab.third_ex.Student" length="3">
     <void index="0">
      <object class="seclab.third_ex.Student" id="Student0">
       <void class="seclab.third_ex.Student" method="getField">
        <string>name</string>
        <void method="set">
         <object idref="Student0"/>
         <string>Vlada</string>
        </void>
       </void>
       <void class="seclab.third_ex.Student" method="getField">
        <string>lastname</string>
        <void method="set">
         <object idref="Student0"/>
         <string>Sushko</string>
        </void>
       </void>
       <void class="seclab.third_ex.Student" method="getField">
        <string>yearsold</string>
        <void method="set">
         <object idref="Student0"/>
         <int>18</int>
        </void>
       </void>
      </object>
     </void>
     <void index="1">
      <object class="seclab.third_ex.Student" id="Student1">
       <void class="seclab.third_ex.Student" method="getField">
        <string>name</string>
        <void method="set">
         <object idref="Student1"/>
         <string>Vlas</string>
        </void>
       </void>
       <void class="seclab.third_ex.Student" method="getField">
        <string>lastname</string>
        <void method="set">
         <object idref="Student1"/>
         <string>Antonenko</string>
        </void>
       </void>
       <void class="seclab.third_ex.Student" method="getField">
        <string>yearsold</string>
        <void method="set">
         <object idref="Student1"/>
         <int>19</int>
        </void>
       </void>
      </object>
     </void>
     <void index="2">
      <object class="seclab.third_ex.Student" id="Student2">
       <void class="seclab.third_ex.Student" method="getField">
        <string>name</string>
        <void method="set">
         <object idref="Student2"/>
         <string>Vadim</string>
        </void>
       </void>
       <void class="seclab.third_ex.Student" method="getField">
        <string>lastname</string>
        <void method="set">
         <object idref="Student2"/>
         <string>Gordychuk</string>
        </void>
       </void>
       <void class="seclab.third_ex.Student" method="getField">
        <string>yearsold</string>
        <void method="set">
         <object idref="Student2"/>
         <int>18</int>
        </void>
       </void>
      </object>
     </void>
    </array>
   </void>
  </void>
  <void class="seclab.third_ex.Group" method="getField">
   <string>groupName</string>
   <void method="set">
    <object idref="Group0"/>
    <string>KN-36b</string>
   </void>
  </void>
 </object>
</java>
