<?xml version="1.0" encoding="UTF-8" standalone="yes"?>
<StoreData Name="Digma" Address="Saltovskoe shosse, 100">
    <HourData Customers="17" Comment="open"/>
    <HourData Customers="10" Comment="open"/>
    <HourData Customers="7" Comment="open incident"/>
    <HourData Customers="3" Comment="open import"/>
    <HourData Customers="6" Comment="open"/>
    <HourData Customers="11" Comment="open theft"/>
    <HourData Customers="16" Comment="open"/>
    <HourData Customers="18" Comment="open incident"/>
</StoreData>
