<?xml version="1.0" encoding="UTF-8" standalone="yes"?>
<Band>
    <trips>
        <trips>
            <year>1475</year>
            <amountOfconserts1>21</amountOfconserts1>
            <town1>qasdfghj</town1>
        </trips>
        <trips>
            <year>8524853</year>
            <amountOfconserts1>0</amountOfconserts1>
            <town1>Kharkov</town1>
        </trips>
        <trips>
            <year>45654</year>
            <amountOfconserts1>47</amountOfconserts1>
            <town1>Ghfjkdkgjcjkbvdsjbv</town1>
        </trips>
    </trips>
</Band>
