<?xml version="1.0" encoding="UTF-8"?>
<!DOCTYPE project PUBLIC "NET-Simulator/dtd/netsimulator.dtd" "http://www.net-simulator.org/dtd/1.0/netsimulator.dtd">
<project author="Гарбуз С" description="лаб1" createDate="" currentId="166">
	<routerShape id="0" name="Router 0" description="" x="326" y="66">
		<IP4Router id="1">
			<eth id="3" name="eth0" status="0" mac="0:0:0:0:1:0" ip4="" ip4bcast="" ip4mask="" bandwidth="0" />
			<eth id="4" name="eth1" status="0" mac="0:0:0:0:1:1" ip4="" ip4bcast="" ip4mask="" bandwidth="0" />
			<eth id="5" name="eth2" status="0" mac="0:0:0:0:1:2" ip4="" ip4bcast="" ip4mask="" bandwidth="0" />
			<eth id="6" name="eth3" status="0" mac="0:0:0:0:1:3" ip4="" ip4bcast="" ip4mask="" bandwidth="0" />
			<eth id="7" name="eth4" status="0" mac="0:0:0:0:1:4" ip4="" ip4bcast="" ip4mask="" bandwidth="0" />
			<eth id="8" name="eth5" status="0" mac="0:0:0:0:1:5" ip4="" ip4bcast="" ip4mask="" bandwidth="0" />
			<eth id="9" name="eth6" status="0" mac="0:0:0:0:1:6" ip4="" ip4bcast="" ip4mask="" bandwidth="0" />
			<eth id="10" name="eth7" status="0" mac="0:0:0:0:1:7" ip4="" ip4bcast="" ip4mask="" bandwidth="0" />
			<routingTable>
			</routingTable>
		</IP4Router>
		<socketShape id="12" x="356" y="84" devId="3" />
		<socketShape id="13" x="364" y="84" devId="4" />
		<socketShape id="14" x="372" y="84" devId="5" />
		<socketShape id="15" x="380" y="84" devId="6" />
		<socketShape id="16" x="388" y="84" devId="7" />
		<socketShape id="17" x="396" y="84" devId="8" />
		<socketShape id="18" x="404" y="84" devId="9" />
		<socketShape id="19" x="412" y="84" devId="10" />
	</routerShape>
	<switchShape id="20" name="Switch 1" description="" x="198" y="168">
		<switch id="21">
			<port id="22" />
			<port id="23" />
			<port id="24" />
			<port id="25" />
			<port id="26" />
			<port id="27" />
			<port id="28" />
			<port id="29" />
		</switch>
		<socketShape id="30" x="228" y="186" devId="22" />
		<socketShape id="31" x="236" y="186" devId="23" />
		<socketShape id="32" x="244" y="186" devId="24" />
		<socketShape id="33" x="252" y="186" devId="25" />
		<socketShape id="34" x="260" y="186" devId="26" />
		<socketShape id="35" x="268" y="186" devId="27" />
		<socketShape id="36" x="276" y="186" devId="28" />
		<socketShape id="37" x="284" y="186" devId="29" />
	</switchShape>
	<switchShape id="38" name="Switch 2" description="" x="447" y="181">
		<switch id="39">
			<port id="40" />
			<port id="41" />
			<port id="42" />
			<port id="43" />
			<port id="44" />
			<port id="45" />
			<port id="46" />
			<port id="47" />
		</switch>
		<socketShape id="48" x="477" y="199" devId="40" />
		<socketShape id="49" x="485" y="199" devId="41" />
		<socketShape id="50" x="493" y="199" devId="42" />
		<socketShape id="51" x="501" y="199" devId="43" />
		<socketShape id="52" x="509" y="199" devId="44" />
		<socketShape id="53" x="517" y="199" devId="45" />
		<socketShape id="54" x="525" y="199" devId="46" />
		<socketShape id="55" x="533" y="199" devId="47" />
	</switchShape>
	<hubShape id="56" name="HUB 3" description="" x="237" y="315">
		<hub id="57">
			<port id="58" />
			<port id="59" />
			<port id="60" />
			<port id="61" />
			<port id="62" />
			<port id="63" />
			<port id="64" />
			<port id="65" />
		</hub>
		<socketShape id="66" x="267" y="333" devId="58" />
		<socketShape id="67" x="275" y="333" devId="59" />
		<socketShape id="68" x="283" y="333" devId="60" />
		<socketShape id="69" x="291" y="333" devId="61" />
		<socketShape id="70" x="299" y="333" devId="62" />
		<socketShape id="71" x="307" y="333" devId="63" />
		<socketShape id="72" x="315" y="333" devId="64" />
		<socketShape id="73" x="323" y="333" devId="65" />
	</hubShape>
	<desktopShape id="86" name="Desktop 4" description="" x="48" y="156">
		<IP4Router id="87">
			<eth id="89" name="eth0" status="0" mac="0:0:0:0:57:0" ip4="" ip4bcast="" ip4mask="" bandwidth="0" />
			<routingTable>
			</routingTable>
		</IP4Router>
		<socketShape id="91" x="86" y="191" devId="89" />
	</desktopShape>
	<desktopShape id="92" name="Desktop 4" description="" x="53" y="230">
		<IP4Router id="93">
			<eth id="95" name="eth0" status="0" mac="0:0:0:0:5D:0" ip4="" ip4bcast="" ip4mask="" bandwidth="0" />
			<routingTable>
			</routingTable>
		</IP4Router>
		<socketShape id="97" x="91" y="265" devId="95" />
	</desktopShape>
	<desktopShape id="98" name="Desktop 4" description="" x="65" y="322">
		<IP4Router id="99">
			<eth id="101" name="eth0" status="0" mac="0:0:0:0:63:0" ip4="" ip4bcast="" ip4mask="" bandwidth="0" />
			<routingTable>
			</routingTable>
		</IP4Router>
		<socketShape id="103" x="103" y="357" devId="101" />
	</desktopShape>
	<desktopShape id="104" name="Desktop 4" description="" x="256" y="416">
		<IP4Router id="105">
			<eth id="107" name="eth0" status="0" mac="0:0:0:0:69:0" ip4="" ip4bcast="" ip4mask="" bandwidth="0" />
			<routingTable>
			</routingTable>
		</IP4Router>
		<socketShape id="109" x="294" y="451" devId="107" />
	</desktopShape>
	<desktopShape id="110" name="Desktop 4" description="" x="329" y="422">
		<IP4Router id="111">
			<eth id="113" name="eth0" status="0" mac="0:0:0:0:6F:0" ip4="" ip4bcast="" ip4mask="" bandwidth="0" />
			<routingTable>
			</routingTable>
		</IP4Router>
		<socketShape id="115" x="367" y="457" devId="113" />
	</desktopShape>
	<desktopShape id="116" name="Desktop 4" description="" x="416" y="415">
		<IP4Router id="117">
			<eth id="119" name="eth0" status="0" mac="0:0:0:0:75:0" ip4="" ip4bcast="" ip4mask="" bandwidth="0" />
			<routingTable>
			</routingTable>
		</IP4Router>
		<socketShape id="121" x="454" y="450" devId="119" />
	</desktopShape>
	<desktopShape id="122" name="Desktop 4" description="" x="637" y="246">
		<IP4Router id="123">
			<eth id="125" name="eth0" status="0" mac="0:0:0:0:7B:0" ip4="" ip4bcast="" ip4mask="" bandwidth="0" />
			<routingTable>
			</routingTable>
		</IP4Router>
		<socketShape id="127" x="675" y="281" devId="125" />
	</desktopShape>
	<desktopShape id="128" name="Desktop 4" description="" x="554" y="254">
		<IP4Router id="129">
			<eth id="131" name="eth0" status="0" mac="0:0:0:0:81:0" ip4="" ip4bcast="" ip4mask="" bandwidth="0" />
			<routingTable>
			</routingTable>
		</IP4Router>
		<socketShape id="133" x="592" y="289" devId="131" />
	</desktopShape>
	<patchcord id="74">
		<media id="75" pointsCount="2" />
		<plug id="76" point="1" x="412" y="84" socket="19" />
		<plug id="77" point="2" x="533" y="199" socket="55" />
	</patchcord>
	<patchcord id="78">
		<media id="79" pointsCount="2" />
		<plug id="80" point="1" x="356" y="84" socket="12" />
		<plug id="81" point="2" x="284" y="186" socket="37" />
	</patchcord>
	<patchcord id="82">
		<media id="83" pointsCount="2" />
		<plug id="84" point="1" x="276" y="186" socket="36" />
		<plug id="85" point="2" x="267" y="333" socket="66" />
	</patchcord>
	<patchcord id="134">
		<media id="135" pointsCount="2" />
		<plug id="136" point="1" x="0" y="0" socket="" />
		<plug id="137" point="2" x="0" y="0" socket="" />
	</patchcord>
	<patchcord id="138">
		<media id="139" pointsCount="2" />
		<plug id="140" point="1" x="0" y="0" socket="" />
		<plug id="141" point="2" x="0" y="0" socket="" />
	</patchcord>
	<patchcord id="142">
		<media id="143" pointsCount="2" />
		<plug id="144" point="1" x="0" y="0" socket="" />
		<plug id="145" point="2" x="0" y="0" socket="" />
	</patchcord>
	<patchcord id="146">
		<media id="147" pointsCount="2" />
		<plug id="148" point="1" x="0" y="0" socket="" />
		<plug id="149" point="2" x="0" y="0" socket="" />
	</patchcord>
	<patchcord id="150">
		<media id="151" pointsCount="2" />
		<plug id="152" point="1" x="0" y="0" socket="" />
		<plug id="153" point="2" x="0" y="0" socket="" />
	</patchcord>
	<patchcord id="154">
		<media id="155" pointsCount="2" />
		<plug id="156" point="1" x="0" y="0" socket="" />
		<plug id="157" point="2" x="0" y="0" socket="" />
	</patchcord>
	<patchcord id="158">
		<media id="159" pointsCount="2" />
		<plug id="160" point="1" x="0" y="0" socket="" />
		<plug id="161" point="2" x="0" y="0" socket="" />
	</patchcord>
	<patchcord id="162">
		<media id="163" pointsCount="2" />
		<plug id="164" point="1" x="0" y="0" socket="" />
		<plug id="165" point="2" x="0" y="0" socket="" />
	</patchcord>
</project>
