<?xml version="1.0" encoding="UTF-8"?>
<!DOCTYPE project PUBLIC "NET-Simulator/dtd/netsimulator.dtd" "http://www.net-simulator.org/dtd/1.0/netsimulator.dtd">
<project author="" description="" createDate="" currentId="104">
	<switchShape id="0" name="Switch 0" description="" x="350" y="157">
		<switch id="1">
			<port id="2" />
			<port id="3" />
			<port id="4" />
			<port id="5" />
			<port id="6" />
			<port id="7" />
			<port id="8" />
			<port id="9" />
		</switch>
		<socketShape id="10" x="380" y="175" devId="2" />
		<socketShape id="11" x="388" y="175" devId="3" />
		<socketShape id="12" x="396" y="175" devId="4" />
		<socketShape id="13" x="404" y="175" devId="5" />
		<socketShape id="14" x="412" y="175" devId="6" />
		<socketShape id="15" x="420" y="175" devId="7" />
		<socketShape id="16" x="428" y="175" devId="8" />
		<socketShape id="17" x="436" y="175" devId="9" />
	</switchShape>
	<hubShape id="18" name="HUB 1" description="" x="177" y="141">
		<hub id="19">
			<port id="20" />
			<port id="21" />
			<port id="22" />
			<port id="23" />
			<port id="24" />
			<port id="25" />
			<port id="26" />
			<port id="27" />
		</hub>
		<socketShape id="28" x="207" y="159" devId="20" />
		<socketShape id="29" x="215" y="159" devId="21" />
		<socketShape id="30" x="223" y="159" devId="22" />
		<socketShape id="31" x="231" y="159" devId="23" />
		<socketShape id="32" x="239" y="159" devId="24" />
		<socketShape id="33" x="247" y="159" devId="25" />
		<socketShape id="34" x="255" y="159" devId="26" />
		<socketShape id="35" x="263" y="159" devId="27" />
	</hubShape>
	<desktopShape id="36" name="ПК6" description="" x="440" y="234">
		<IP4Router id="37">
			<eth id="39" name="eth0" status="1" mac="0:0:0:0:25:0" ip4="192.168.99.2" ip4bcast="192.168.99.3" ip4mask="255.255.255.252" bandwidth="0" />
			<routingTable>
				<row target="192.168.99.0" netmask="255.255.255.252" gateway="" metric="0" iface="eth0" />
			</routingTable>
		</IP4Router>
		<socketShape id="41" x="478" y="269" devId="39" />
	</desktopShape>
	<desktopShape id="42" name="ПК2" description="" x="61" y="229">
		<IP4Router id="43">
			<eth id="45" name="eth0" status="1" mac="0:0:0:0:2B:0" ip4="172.20.2.2" ip4bcast="172.20.2.255" ip4mask="255.255.255.0" bandwidth="0" />
			<routingTable>
				<row target="172.20.2.0" netmask="255.255.255.0" gateway="" metric="0" iface="eth0" />
			</routingTable>
		</IP4Router>
		<socketShape id="47" x="99" y="264" devId="45" />
	</desktopShape>
	<desktopShape id="48" name="ПК3" description="" x="165" y="227">
		<IP4Router id="49">
			<eth id="51" name="eth0" status="1" mac="0:0:0:0:31:0" ip4="192.168.0.1" ip4bcast="192.168.255.255" ip4mask="255.255.0.0" bandwidth="0" />
			<routingTable>
				<row target="192.168.0.0" netmask="255.255.0.0" gateway="" metric="0" iface="eth0" />
			</routingTable>
		</IP4Router>
		<socketShape id="53" x="203" y="262" devId="51" />
	</desktopShape>
	<desktopShape id="54" name="ПК4" description="" x="245" y="230">
		<IP4Router id="55">
			<eth id="57" name="eth0" status="1" mac="0:0:0:0:37:0" ip4="192.168.0.2" ip4bcast="192.168.255.255" ip4mask="255.255.0.0" bandwidth="0" />
			<routingTable>
				<row target="192.168.0.0" netmask="255.255.0.0" gateway="" metric="0" iface="eth0" />
			</routingTable>
		</IP4Router>
		<socketShape id="59" x="283" y="265" devId="57" />
	</desktopShape>
	<desktopShape id="60" name="ПК5" description="" x="352" y="230">
		<IP4Router id="61">
			<eth id="63" name="eth0" status="1" mac="0:0:0:0:3D:0" ip4="192.168.99.1" ip4bcast="192.168.99.3" ip4mask="255.255.255.252" bandwidth="0" />
			<routingTable>
				<row target="192.168.99.0" netmask="255.255.255.252" gateway="" metric="0" iface="eth0" />
			</routingTable>
		</IP4Router>
		<socketShape id="65" x="390" y="265" devId="63" />
	</desktopShape>
	<desktopShape id="66" name="ПК1" description="" x="73" y="135">
		<IP4Router id="67">
			<eth id="69" name="eth0" status="1" mac="0:0:0:0:43:0" ip4="172.20.2.1" ip4bcast="172.20.2.255" ip4mask="255.255.255.0" bandwidth="0" />
			<routingTable>
				<row target="172.20.2.0" netmask="255.255.255.0" gateway="" metric="0" iface="eth0" />
			</routingTable>
		</IP4Router>
		<socketShape id="71" x="111" y="170" devId="69" />
	</desktopShape>
	<patchcord id="72">
		<media id="73" pointsCount="2" />
		<plug id="74" point="1" x="111" y="170" socket="71" />
		<plug id="75" point="2" x="99" y="264" socket="47" />
	</patchcord>
	<patchcord id="76">
		<media id="77" pointsCount="2" />
		<plug id="78" point="1" x="263" y="159" socket="35" />
		<plug id="79" point="2" x="283" y="265" socket="59" />
	</patchcord>
	<patchcord id="80">
		<media id="81" pointsCount="2" />
		<plug id="82" point="1" x="255" y="159" socket="34" />
		<plug id="83" point="2" x="203" y="262" socket="53" />
	</patchcord>
	<patchcord id="84">
		<media id="85" pointsCount="2" />
		<plug id="86" point="1" x="390" y="265" socket="65" />
		<plug id="87" point="2" x="380" y="175" socket="10" />
	</patchcord>
	<patchcord id="88">
		<media id="89" pointsCount="2" />
		<plug id="90" point="1" x="436" y="175" socket="17" />
		<plug id="91" point="2" x="478" y="269" socket="41" />
	</patchcord>
</project>
