<?xml version="1.0" encoding="UTF-8"?>
<!DOCTYPE hibernate-configuration PUBLIC  
        "-//Hibernate/Hibernate Configuration DTD 5.3//EN"  
        "http://www.hibernate.org/dtd/hibernate-configuration-5.3.dtd">
<hibernate-configuration>
	<session-factory>
		<property name="hbm2ddl.auto">update</property>
		<property name="dialect">org.hibernate.dialect.SQLiteDialect</property>
		<property name="connection.url">jdbc:sqlite:e:\\Program Files\\SQLite\\shop.db</property>
		<property name="connection.driver_class">org.sqlite.JDBC</property>
		<property name="hibernate.show_sql">true</property>        
		
		<mapping class="socket_user.models.Product"/>
	</session-factory>
</hibernate-configuration>  