<?xml version="1.0" encoding="UTF-8"?>
<java version="1.8.0_144" class="java.beans.XMLDecoder">
 <object class="lab3_2.Group">
  <void property="student">
   <array class="lab3_2.Student" length="2">
    <void index="0">
     <object class="lab3_2.Student">
      <void property="course">
       <int>5</int>
      </void>
      <void property="studentPIN">
       <int>12</int>
      </void>
     </object>
    </void>
    <void index="1">
     <object class="lab3_2.Student">
      <void property="course">
       <int>69</int>
      </void>
      <void property="studentPIN">
       <int>25</int>
      </void>
     </object>
    </void>
   </array>
  </void>
 </object>
</java>
