<?xml version="1.0" encoding="UTF-8"?>
<!DOCTYPE project PUBLIC "NET-Simulator/dtd/netsimulator.dtd" "http://www.net-simulator.org/dtd/1.0/netsimulator.dtd">
<project author="" description="" createDate="" currentId="118">
	<desktopShape id="0" name="Desktop 1" description="" x="354" y="231">
		<IP4Router id="1">
			<eth id="3" name="eth0" status="1" mac="0:0:0:0:1:0" ip4="172.18.8.1" ip4bcast="172.18.8.255" ip4mask="255.255.255.0" bandwidth="0" />
			<routingTable>
				<row target="172.18.8.0" netmask="255.255.255.0" gateway="" metric="0" iface="eth0" />
			</routingTable>
		</IP4Router>
		<socketShape id="5" x="392" y="266" devId="3" />
	</desktopShape>
	<desktopShape id="6" name="Desktop 2" description="" x="246" y="336">
		<IP4Router id="7">
			<eth id="9" name="eth0" status="1" mac="0:0:0:0:7:0" ip4="172.18.8.2" ip4bcast="172.18.8.255" ip4mask="255.255.255.0" bandwidth="0" />
			<routingTable>
				<row target="172.18.8.0" netmask="255.255.255.0" gateway="" metric="0" iface="eth0" />
			</routingTable>
		</IP4Router>
		<socketShape id="11" x="284" y="371" devId="9" />
	</desktopShape>
	<hubShape id="32" name="HUB 2" description="" x="633" y="235">
		<hub id="33">
			<port id="34" />
			<port id="35" />
			<port id="36" />
			<port id="37" />
			<port id="38" />
			<port id="39" />
			<port id="40" />
			<port id="41" />
		</hub>
		<socketShape id="42" x="663" y="253" devId="34" />
		<socketShape id="43" x="671" y="253" devId="35" />
		<socketShape id="44" x="679" y="253" devId="36" />
		<socketShape id="45" x="687" y="253" devId="37" />
		<socketShape id="46" x="695" y="253" devId="38" />
		<socketShape id="47" x="703" y="253" devId="39" />
		<socketShape id="48" x="711" y="253" devId="40" />
		<socketShape id="49" x="719" y="253" devId="41" />
	</hubShape>
	<switchShape id="50" name="Switch 3" description="" x="1021" y="233">
		<switch id="51">
			<port id="52" />
			<port id="53" />
			<port id="54" />
			<port id="55" />
			<port id="56" />
			<port id="57" />
			<port id="58" />
			<port id="59" />
		</switch>
		<socketShape id="60" x="1051" y="251" devId="52" />
		<socketShape id="61" x="1059" y="251" devId="53" />
		<socketShape id="62" x="1067" y="251" devId="54" />
		<socketShape id="63" x="1075" y="251" devId="55" />
		<socketShape id="64" x="1083" y="251" devId="56" />
		<socketShape id="65" x="1091" y="251" devId="57" />
		<socketShape id="66" x="1099" y="251" devId="58" />
		<socketShape id="67" x="1107" y="251" devId="59" />
	</switchShape>
	<desktopShape id="68" name="Desktop 3" description="" x="518" y="337">
		<IP4Router id="69">
			<eth id="71" name="eth0" status="1" mac="0:0:0:0:45:0" ip4="192.168.0.3" ip4bcast="192.168.255.255" ip4mask="255.255.0.0" bandwidth="0" />
			<routingTable>
				<row target="192.168.0.0" netmask="255.255.0.0" gateway="" metric="0" iface="eth0" />
			</routingTable>
		</IP4Router>
		<socketShape id="73" x="556" y="372" devId="71" />
	</desktopShape>
	<desktopShape id="80" name="Desktop 5" description="" x="897" y="339">
		<IP4Router id="81">
			<eth id="83" name="eth0" status="1" mac="0:0:0:0:51:0" ip4="192.168.99.5" ip4bcast="192.168.99.7" ip4mask="255.255.255.252" bandwidth="0" />
			<routingTable>
				<row target="192.168.99.4" netmask="255.255.255.252" gateway="" metric="0" iface="eth0" />
			</routingTable>
		</IP4Router>
		<socketShape id="85" x="935" y="374" devId="83" />
	</desktopShape>
	<desktopShape id="86" name="Desktop 6" description="" x="1163" y="338">
		<IP4Router id="87">
			<eth id="89" name="eth0" status="1" mac="0:0:0:0:57:0" ip4="192.168.99.6" ip4bcast="192.168.99.7" ip4mask="255.255.255.252" bandwidth="0" />
			<routingTable>
				<row target="192.168.99.4" netmask="255.255.255.252" gateway="" metric="0" iface="eth0" />
			</routingTable>
		</IP4Router>
		<socketShape id="91" x="1201" y="373" devId="89" />
	</desktopShape>
	<desktopShape id="112" name="Desktop 4" description="" x="747" y="341">
		<IP4Router id="113">
			<eth id="115" name="eth0" status="1" mac="0:0:0:0:71:0" ip4="192.168.0.4" ip4bcast="192.168.255.255" ip4mask="255.255.0.0" bandwidth="0" />
			<routingTable>
				<row target="192.168.0.0" netmask="255.255.0.0" gateway="" metric="0" iface="eth0" />
			</routingTable>
		</IP4Router>
		<socketShape id="117" x="785" y="376" devId="115" />
	</desktopShape>
	<patchcord id="92">
		<media id="93" pointsCount="2" />
		<plug id="94" point="1" x="392" y="266" socket="5" />
		<plug id="95" point="2" x="284" y="371" socket="11" />
	</patchcord>
	<patchcord id="96">
		<media id="97" pointsCount="2" />
		<plug id="98" point="1" x="663" y="253" socket="42" />
		<plug id="99" point="2" x="556" y="372" socket="73" />
	</patchcord>
	<patchcord id="100">
		<media id="101" pointsCount="2" />
		<plug id="102" point="1" x="671" y="253" socket="43" />
		<plug id="103" point="2" x="785" y="376" socket="117" />
	</patchcord>
	<patchcord id="104">
		<media id="105" pointsCount="2" />
		<plug id="106" point="1" x="1051" y="251" socket="60" />
		<plug id="107" point="2" x="935" y="374" socket="85" />
	</patchcord>
	<patchcord id="108">
		<media id="109" pointsCount="2" />
		<plug id="110" point="1" x="1059" y="251" socket="61" />
		<plug id="111" point="2" x="1201" y="373" socket="91" />
	</patchcord>
</project>
