{ "height":16,
 "infinite":false,
 "layers":[
        {
         "data":[309, 309, 309, 309, 309, 309, 309, 309, 309, 309, 309, 309, 309, 309, 309, 309, 309, 309, 309, 309, 309, 309, 309, 309, 309, 309, 309, 309, 309, 309, 309, 309, 309, 309, 309, 309, 309, 309, 309, 309, 309, 309, 309, 309, 309, 309, 309, 309, 309, 309, 309, 309, 309, 309, 309, 309, 309, 309, 309, 309, 309, 309, 309, 309, 309, 309, 309, 309, 309, 309, 309, 309, 309, 309, 309, 309, 309, 309, 309, 309, 309, 309, 309, 309, 309, 309, 309, 309, 309, 309, 309, 309, 309, 309, 309, 309, 309, 309, 309, 309, 309, 309, 309, 309, 309, 309, 309, 309, 309, 309, 309, 309, 309, 309, 309, 309, 309, 309, 309, 309, 309, 309, 309, 309, 309, 309, 309, 309, 309, 309, 309, 309, 309, 309, 309, 309, 309, 309, 309, 309, 309, 309, 309, 309, 309, 309, 309, 309, 309, 309, 309, 309, 309, 309, 309, 309, 309, 309, 309, 309, 309, 309, 309, 309, 309, 309, 309, 309, 309, 309, 309, 309, 309, 309, 309, 309, 309, 309, 309, 309, 309, 309, 309, 309, 309, 309, 309, 309, 309, 309, 309, 309, 309, 309, 309, 309, 309, 309, 309, 309, 309, 309, 309, 309, 309, 309, 309, 309, 309, 309, 309, 309, 309, 309, 309, 309, 309, 309, 309, 309, 309, 309, 309, 309, 309, 309, 309, 309, 309, 309, 309, 309, 309, 309, 309, 309, 309, 309, 309, 309, 309, 309, 309, 309, 309, 309, 309, 309, 309, 309, 309, 309, 309, 309, 309, 309],
         "height":16,
         "id":2,
         "name":"Wallpaper",
         "opacity":1,
         "properties":[
                {
                 "name":"inFront",
                 "type":"bool",
                 "value":false
                }],
         "type":"tilelayer",
         "visible":true,
         "width":16,
         "x":0,
         "y":0
        }, 
        {
         "data":[253, 241, 241, 241, 241, 241, 241, 241, 241, 0, 0, 0, 0, 241, 241, 261, 258, 249, 249, 249, 249, 249, 249, 249, 249, 0, 0, 0, 0, 249, 249, 252, 258, 249, 0, 0, 0, 0, 0, 0, 0, 0, 0, 0, 0, 0, 249, 252, 258, 249, 0, 0, 0, 0, 0, 0, 0, 0, 0, 0, 0, 0, 249, 252, 258, 249, 0, 0, 0, 0, 0, 0, 0, 0, 0, 0, 0, 0, 249, 252, 258, 249, 0, 0, 0, 0, 0, 0, 0, 0, 0, 0, 0, 0, 249, 252, 258, 249, 0, 0, 0, 0, 0, 0, 0, 0, 0, 0, 0, 0, 249, 252, 258, 249, 0, 0, 0, 0, 629, 0, 0, 0, 0, 0, 0, 0, 249, 252, 258, 249, 0, 0, 0, 0, 637, 0, 0, 0, 0, 0, 0, 0, 249, 252, 258, 249, 0, 0, 0, 0, 0, 0, 0, 0, 0, 0, 0, 0, 249, 252, 258, 249, 0, 0, 0, 0, 0, 0, 0, 0, 0, 0, 0, 0, 249, 252, 258, 249, 0, 0, 0, 0, 0, 0, 0, 0, 0, 0, 0, 0, 249, 252, 258, 249, 0, 0, 0, 0, 0, 0, 0, 0, 0, 0, 0, 0, 249, 252, 258, 249, 0, 0, 0, 0, 0, 0, 0, 0, 0, 0, 0, 0, 249, 252, 258, 249, 249, 249, 249, 249, 249, 249, 249, 249, 249, 249, 249, 249, 249, 252, 247, 255, 255, 255, 255, 255, 255, 255, 255, 255, 255, 255, 255, 255, 255, 248],
         "height":16,
         "id":3,
         "name":"walls",
         "opacity":1,
         "properties":[
                {
                 "name":"inFront",
                 "type":"bool",
                 "value":false
                }],
         "type":"tilelayer",
         "visible":true,
         "width":16,
         "x":0,
         "y":0
        }, 
        {
         "data":[0, 0, 0, 0, 0, 0, 0, 0, 0, 0, 0, 0, 0, 0, 0, 0, 0, 0, 0, 0, 0, 0, 0, 0, 0, 0, 0, 0, 0, 0, 0, 0, 0, 0, 0, 0, 0, 0, 0, 0, 0, 0, 439, 439, 0, 0, 0, 0, 0, 0, 0, 0, 0, 0, 0, 0, 0, 0, 0, 0, 0, 0, 0, 0, 0, 0, 0, 0, 0, 0, 0, 439, 439, 0, 0, 0, 0, 0, 0, 0, 0, 0, 0, 0, 0, 0, 0, 0, 0, 0, 0, 0, 0, 0, 0, 0, 0, 0, 0, 0, 0, 0, 0, 0, 0, 0, 439, 439, 0, 0, 0, 0, 0, 0, 0, 0, 0, 0, 0, 0, 0, 0, 0, 0, 0, 0, 0, 0, 0, 0, 0, 0, 0, 0, 0, 0, 0, 0, 0, 0, 0, 0, 0, 0, 0, 0, 0, 0, 0, 0, 0, 0, 0, 0, 439, 439, 0, 0, 0, 0, 0, 0, 0, 0, 0, 0, 0, 0, 0, 0, 0, 0, 0, 0, 0, 0, 0, 0, 0, 0, 0, 0, 0, 0, 0, 0, 0, 0, 0, 0, 0, 0, 0, 0, 0, 0, 0, 0, 0, 0, 0, 0, 439, 439, 0, 0, 0, 0, 0, 0, 0, 0, 0, 0, 0, 0, 0, 0, 0, 0, 0, 0, 0, 0, 0, 0, 0, 0, 0, 0, 0, 0, 0, 0, 0, 0, 0, 0, 0, 0, 0, 0, 0, 0, 0, 0, 0, 0, 0, 0, 0, 0, 0, 0, 0, 0],
         "height":16,
         "id":4,
         "name":"platforms",
         "opacity":1,
         "properties":[
                {
                 "name":"inFront",
                 "type":"bool",
                 "value":false
                }],
         "type":"tilelayer",
         "visible":true,
         "width":16,
         "x":0,
         "y":0
        }, 
        {
         "data":[0, 0, 0, 0, 0, 0, 0, 0, 0, 0, 0, 0, 0, 0, 0, 0, 0, 0, 0, 0, 0, 0, 0, 0, 0, 0, 0, 0, 0, 0, 0, 0, 0, 0, 0, 0, 0, 0, 0, 0, 0, 0, 0, 0, 0, 0, 0, 0, 0, 0, 0, 0, 0, 0, 0, 0, 0, 0, 0, 0, 0, 0, 0, 0, 0, 0, 0, 0, 0, 0, 0, 0, 0, 0, 0, 0, 0, 0, 0, 0, 0, 0, 0, 0, 0, 0, 0, 0, 0, 0, 0, 0, 0, 0, 0, 0, 0, 0, 0, 0, 0, 0, 0, 0, 0, 0, 0, 0, 0, 0, 0, 0, 0, 0, 0, 0, 0, 0, 0, 0, 0, 0, 0, 0, 0, 0, 0, 0, 0, 0, 0, 0, 0, 0, 0, 0, 0, 0, 0, 0, 0, 0, 0, 0, 0, 0, 0, 0, 0, 0, 0, 0, 0, 0, 0, 0, 0, 0, 0, 0, 0, 0, 0, 0, 0, 0, 0, 0, 0, 0, 0, 0, 0, 0, 0, 0, 0, 0, 0, 0, 0, 0, 0, 0, 0, 0, 0, 0, 0, 0, 0, 0, 0, 0, 0, 392, 0, 0, 0, 0, 0, 0, 0, 0, 0, 0, 0, 0, 0, 0, 0, 400, 0, 0, 237, 0, 0, 0, 0, 0, 0, 0, 0, 0, 0, 0, 0, 0, 0, 0, 0, 0, 0, 0, 0, 0, 0, 0, 0, 0, 0, 0, 0, 0, 0, 0, 0, 0, 0, 0, 0, 0, 0, 0, 0, 0],
         "height":16,
         "id":5,
         "name":"objects",
         "opacity":1,
         "properties":[
                {
                 "name":"inFront",
                 "type":"bool",
                 "value":false
                }],
         "type":"tilelayer",
         "visible":true,
         "width":16,
         "x":0,
         "y":0
        }],
 "nextlayerid":6,
 "nextobjectid":1,
 "orientation":"orthogonal",
 "renderorder":"right-down",
 "tiledversion":"1.2.5",
 "tileheight":32,
 "tilesets":[
        {
         "firstgid":1,
         "source":"..\/..\/tileset.json"
        }],
 "tilewidth":32,
 "type":"map",
 "version":1.2,
 "width":16
}