<?xml version="1.0" encoding="UTF-8" standalone="yes"?>
<Writer>
    <Surname>Alex</Surname>
    <Languager>Rus</Languager>
    <Books>10</Books>
    <Speech>
        <array>
            <Data>5</Data>
            <Place>Kiev</Place>
            <Listeners>321</Listeners>
        </array>
        <array>
            <Data>19</Data>
            <Place>Kharkov</Place>
            <Listeners>24142</Listeners>
        </array>
        <array>
            <Data>3</Data>
            <Place>London</Place>
            <Listeners>5</Listeners>
        </array>
    </Speech>
</Writer>
