﻿<?xml version="1.0" encoding="UTF-8"?>
<!DOCTYPE hibernate-configuration PUBLIC  
        "-//Hibernate/Hibernate Configuration DTD 5.3//EN"  
        "http://www.hibernate.org/dtd/hibernate-configuration-5.3.dtd">
<hibernate-configuration>
     <!-- Блок параметров для маппинга App === Database -->
	<session-factory>
	      <property name = "hibernate.dialect">
         org.hibernate.dialect.MySQL5Dialect
<!--          org.hibernate.dialect.MySQL8Dialect -->
      </property>
      
      <property name = "hibernate.connection.driver_class">
         com.mysql.jdbc.Driver
      </property>
      
      <!-- Assume test is the database name -->
      
      <property name = "hibernate.connection.url">
<!--          jdbc:mysql://localhost:3306/javaee -->
         jdbc:mysql://sql2.freemysqlhosting.net:3306/sql2342216?UseUnicode=true&amp;characterEncoding=utf8
      </property>
      
      <property name = "hibernate.connection.username">
<!--          root -->
         sql2342216
      </property>
      
      <property name = "hibernate.connection.password">
		bZ6!tN8%
      </property>
      
      <property name="show_sql">true</property>
<!--       <property name="hbm2ddl.auto">create</property> -->
      <property name="hibernate.hbm2ddl.auto">update</property>
	
	
        <!-- Блок тегов для маппинга на уровне Class === Table -->
        <!-- Количество тегов совпадает с количеством пар Класс-Taблица -->
        <!-- Указывается полный путь к классу со всеми packages после src/main/java -->
	<mapping class="models.Group" />
	<mapping class="models.Product" />
	<mapping class="models.Element" />
<!-- 	<mapping class="models.User" /> -->

<!-- 		<property name="hibernate.connection.CharSet">utf8</property> -->
<!-- 		<property name="hibernate.connection.characterEncoding">utf8</property> -->
<!-- 		<property name="hibernate.connection.useUnicode">true</property> -->
	</session-factory>
</hibernate-configuration>  