<?xml version="1.0" encoding="UTF-8"?>
<!DOCTYPE hibernate-configuration PUBLIC  
        "-//Hibernate/Hibernate Configuration DTD 5.3//EN"  
        "http://www.hibernate.org/dtd/hibernate-configuration-5.3.dtd">
<hibernate-configuration>

	<session-factory>
		<property name="show_sql">true</property>
        <property name="format_sql">true</property>
        <property name="dialect">org.sqlite.hibernate.dialect.SQLiteDialect</property>
        <property name="connection.driver_class">org.sqlite.JDBC</property>
        <property name="connection.url">jdbc:sqlite:garbuzjavaee.db</property>
<!--         <property name="connection.url">jdbc:sqlite:./DB/garbuzjavaee.db</property> -->
        <property name="connection.username">""</property>
        <property name="connection.password">""</property>
        <property name="hibernate.hbm2ddl.auto">update</property>
		<mapping class="models.User" />
		
		
<!-- 		<property name="hibernate.connection.CharSet">utf8</property> -->
<!-- 		<property name="hibernate.connection.characterEncoding">utf8</property> -->
<!-- 		<property name="hibernate.connection.useUnicode">true</property> -->
	</session-factory>
</hibernate-configuration>  